{"cameraMode":{"drawMode":0,"name":"Shaded","section":"Shading Mode"},"sceneLighting":true,"audioPlay":false,"sceneViewState":{"showFog":false,"showMaterialUpdate":false,"showSkybox":false,"showFlares":false,"showImageEffects":false,"showParticleSystems":false},"in2DMode":false,"pivot":{"x":-6.300000190734863,"y":2.700000047683716,"z":-3.3399999141693117},"rotation":{"x":-0.11544793099164963,"y":0.3968851566314697,"z":-0.05040877312421799,"w":-0.909182608127594},"size":21.010000228881837,"orthographic":true}